,email,message,time
0,aaaaaaaa,aaa,2022-05-07 15:28:44.639567
Email,Message,Time
Email,Message,Time
eeeee,e,2022-05-07 15:31:12.725589
aaaaa,a,2022-05-07 15:31:19.877182
Email,Message,Time
Email,Message,Time
Email,Message,Time
Email,Message,Time
Email,Message,Time
Email,Message,Time
Email,Message,Time
Email,Message,Time
Email,Message,Time
Email,Message,Time
Email,Message,Time
Email,Message,Time
Email,Message,Time
Email,Message,Time
Email,Message,Time
Email,Message,Time
Email,Message,Time
Email,Message,Time
Email,Message,Time
